-- phpMyAdmin SQL Dump
-- version 5.2.1
-- https://www.phpmyadmin.net/
--
-- Hôte : localhost
-- Généré le : jeu. 16 jan. 2025 à 21:09
-- Version du serveur : 10.4.28-MariaDB
-- Version de PHP : 8.2.4

SET SQL_MODE = "NO_AUTO_VALUE_ON_ZERO";
START TRANSACTION;
SET time_zone = "+00:00";


/*!40101 SET @OLD_CHARACTER_SET_CLIENT=@@CHARACTER_SET_CLIENT */;
/*!40101 SET @OLD_CHARACTER_SET_RESULTS=@@CHARACTER_SET_RESULTS */;
/*!40101 SET @OLD_COLLATION_CONNECTION=@@COLLATION_CONNECTION */;
/*!40101 SET NAMES utf8mb4 */;

--
-- Base de données : `cyberfolio`
--

-- --------------------------------------------------------

--
-- Structure de la table `messenger_messages`
--

CREATE TABLE `messenger_messages` (
  `id` bigint(20) NOT NULL,
  `body` longtext NOT NULL,
  `headers` longtext NOT NULL,
  `queue_name` varchar(190) NOT NULL,
  `created_at` datetime NOT NULL COMMENT '(DC2Type:datetime_immutable)',
  `available_at` datetime NOT NULL COMMENT '(DC2Type:datetime_immutable)',
  `delivered_at` datetime DEFAULT NULL COMMENT '(DC2Type:datetime_immutable)'
) ENGINE=InnoDB DEFAULT CHARSET=utf8mb4 COLLATE=utf8mb4_unicode_ci;

--
-- Déchargement des données de la table `messenger_messages`
--

INSERT INTO `messenger_messages` (`id`, `body`, `headers`, `queue_name`, `created_at`, `available_at`, `delivered_at`) VALUES
(1, 'O:36:\\\"Symfony\\\\Component\\\\Messenger\\\\Envelope\\\":2:{s:44:\\\"\\0Symfony\\\\Component\\\\Messenger\\\\Envelope\\0stamps\\\";a:1:{s:46:\\\"Symfony\\\\Component\\\\Messenger\\\\Stamp\\\\BusNameStamp\\\";a:1:{i:0;O:46:\\\"Symfony\\\\Component\\\\Messenger\\\\Stamp\\\\BusNameStamp\\\":1:{s:55:\\\"\\0Symfony\\\\Component\\\\Messenger\\\\Stamp\\\\BusNameStamp\\0busName\\\";s:21:\\\"messenger.bus.default\\\";}}}s:45:\\\"\\0Symfony\\\\Component\\\\Messenger\\\\Envelope\\0message\\\";O:51:\\\"Symfony\\\\Component\\\\Mailer\\\\Messenger\\\\SendEmailMessage\\\":2:{s:60:\\\"\\0Symfony\\\\Component\\\\Mailer\\\\Messenger\\\\SendEmailMessage\\0message\\\";O:39:\\\"Symfony\\\\Bridge\\\\Twig\\\\Mime\\\\TemplatedEmail\\\":5:{i:0;s:41:\\\"registration/confirmation_email.html.twig\\\";i:1;N;i:2;a:3:{s:9:\\\"signedUrl\\\";s:176:\\\"http://localhost:8000/verify/email?expires=1736349682&id=3&signature=da49cvIr5LuITgyuWc%2B8bhGY9f%2FbxFv3yhF%2BzWBs3VY%3D&token=GIueQ2pfnc4%2FI2tnZU4VhlzhpkikKcAnxkj3ELZsO8k%3D\\\";s:19:\\\"expiresAtMessageKey\\\";s:26:\\\"%count% hour|%count% hours\\\";s:20:\\\"expiresAtMessageData\\\";a:1:{s:7:\\\"%count%\\\";i:1;}}i:3;a:6:{i:0;N;i:1;N;i:2;N;i:3;N;i:4;a:0:{}i:5;a:2:{i:0;O:37:\\\"Symfony\\\\Component\\\\Mime\\\\Header\\\\Headers\\\":2:{s:46:\\\"\\0Symfony\\\\Component\\\\Mime\\\\Header\\\\Headers\\0headers\\\";a:3:{s:4:\\\"from\\\";a:1:{i:0;O:47:\\\"Symfony\\\\Component\\\\Mime\\\\Header\\\\MailboxListHeader\\\":5:{s:50:\\\"\\0Symfony\\\\Component\\\\Mime\\\\Header\\\\AbstractHeader\\0name\\\";s:4:\\\"From\\\";s:56:\\\"\\0Symfony\\\\Component\\\\Mime\\\\Header\\\\AbstractHeader\\0lineLength\\\";i:76;s:50:\\\"\\0Symfony\\\\Component\\\\Mime\\\\Header\\\\AbstractHeader\\0lang\\\";N;s:53:\\\"\\0Symfony\\\\Component\\\\Mime\\\\Header\\\\AbstractHeader\\0charset\\\";s:5:\\\"utf-8\\\";s:58:\\\"\\0Symfony\\\\Component\\\\Mime\\\\Header\\\\MailboxListHeader\\0addresses\\\";a:1:{i:0;O:30:\\\"Symfony\\\\Component\\\\Mime\\\\Address\\\":2:{s:39:\\\"\\0Symfony\\\\Component\\\\Mime\\\\Address\\0address\\\";s:24:\\\"olivier.falahi@efrei.net\\\";s:36:\\\"\\0Symfony\\\\Component\\\\Mime\\\\Address\\0name\\\";s:19:\\\"Cyberfolio Mail Bot\\\";}}}}s:2:\\\"to\\\";a:1:{i:0;O:47:\\\"Symfony\\\\Component\\\\Mime\\\\Header\\\\MailboxListHeader\\\":5:{s:50:\\\"\\0Symfony\\\\Component\\\\Mime\\\\Header\\\\AbstractHeader\\0name\\\";s:2:\\\"To\\\";s:56:\\\"\\0Symfony\\\\Component\\\\Mime\\\\Header\\\\AbstractHeader\\0lineLength\\\";i:76;s:50:\\\"\\0Symfony\\\\Component\\\\Mime\\\\Header\\\\AbstractHeader\\0lang\\\";N;s:53:\\\"\\0Symfony\\\\Component\\\\Mime\\\\Header\\\\AbstractHeader\\0charset\\\";s:5:\\\"utf-8\\\";s:58:\\\"\\0Symfony\\\\Component\\\\Mime\\\\Header\\\\MailboxListHeader\\0addresses\\\";a:1:{i:0;O:30:\\\"Symfony\\\\Component\\\\Mime\\\\Address\\\":2:{s:39:\\\"\\0Symfony\\\\Component\\\\Mime\\\\Address\\0address\\\";s:24:\\\"olivier.falahi@gmail.com\\\";s:36:\\\"\\0Symfony\\\\Component\\\\Mime\\\\Address\\0name\\\";s:0:\\\"\\\";}}}}s:7:\\\"subject\\\";a:1:{i:0;O:48:\\\"Symfony\\\\Component\\\\Mime\\\\Header\\\\UnstructuredHeader\\\":5:{s:50:\\\"\\0Symfony\\\\Component\\\\Mime\\\\Header\\\\AbstractHeader\\0name\\\";s:7:\\\"Subject\\\";s:56:\\\"\\0Symfony\\\\Component\\\\Mime\\\\Header\\\\AbstractHeader\\0lineLength\\\";i:76;s:50:\\\"\\0Symfony\\\\Component\\\\Mime\\\\Header\\\\AbstractHeader\\0lang\\\";N;s:53:\\\"\\0Symfony\\\\Component\\\\Mime\\\\Header\\\\AbstractHeader\\0charset\\\";s:5:\\\"utf-8\\\";s:55:\\\"\\0Symfony\\\\Component\\\\Mime\\\\Header\\\\UnstructuredHeader\\0value\\\";s:25:\\\"Please Confirm your Email\\\";}}}s:49:\\\"\\0Symfony\\\\Component\\\\Mime\\\\Header\\\\Headers\\0lineLength\\\";i:76;}i:1;N;}}i:4;N;}s:61:\\\"\\0Symfony\\\\Component\\\\Mailer\\\\Messenger\\\\SendEmailMessage\\0envelope\\\";N;}}', '[]', 'default', '2025-01-08 14:21:22', '2025-01-08 14:21:22', NULL),
(2, 'O:36:\\\"Symfony\\\\Component\\\\Messenger\\\\Envelope\\\":2:{s:44:\\\"\\0Symfony\\\\Component\\\\Messenger\\\\Envelope\\0stamps\\\";a:1:{s:46:\\\"Symfony\\\\Component\\\\Messenger\\\\Stamp\\\\BusNameStamp\\\";a:1:{i:0;O:46:\\\"Symfony\\\\Component\\\\Messenger\\\\Stamp\\\\BusNameStamp\\\":1:{s:55:\\\"\\0Symfony\\\\Component\\\\Messenger\\\\Stamp\\\\BusNameStamp\\0busName\\\";s:21:\\\"messenger.bus.default\\\";}}}s:45:\\\"\\0Symfony\\\\Component\\\\Messenger\\\\Envelope\\0message\\\";O:51:\\\"Symfony\\\\Component\\\\Mailer\\\\Messenger\\\\SendEmailMessage\\\":2:{s:60:\\\"\\0Symfony\\\\Component\\\\Mailer\\\\Messenger\\\\SendEmailMessage\\0message\\\";O:39:\\\"Symfony\\\\Bridge\\\\Twig\\\\Mime\\\\TemplatedEmail\\\":5:{i:0;s:41:\\\"registration/confirmation_email.html.twig\\\";i:1;N;i:2;a:3:{s:9:\\\"signedUrl\\\";s:174:\\\"http://127.0.0.1:8000/verify/email?expires=1736352368&id=4&signature=vF4Vgh4MnaHWAdsl0byThVnMpcBnbGRdAkEoZKYWOFM%3D&token=uKeTsvNb9e8%2Bm1B8V%2FdUWeZop1TAKLawRYOK%2F7xIwBY%3D\\\";s:19:\\\"expiresAtMessageKey\\\";s:26:\\\"%count% hour|%count% hours\\\";s:20:\\\"expiresAtMessageData\\\";a:1:{s:7:\\\"%count%\\\";i:1;}}i:3;a:6:{i:0;N;i:1;N;i:2;N;i:3;N;i:4;a:0:{}i:5;a:2:{i:0;O:37:\\\"Symfony\\\\Component\\\\Mime\\\\Header\\\\Headers\\\":2:{s:46:\\\"\\0Symfony\\\\Component\\\\Mime\\\\Header\\\\Headers\\0headers\\\";a:3:{s:4:\\\"from\\\";a:1:{i:0;O:47:\\\"Symfony\\\\Component\\\\Mime\\\\Header\\\\MailboxListHeader\\\":5:{s:50:\\\"\\0Symfony\\\\Component\\\\Mime\\\\Header\\\\AbstractHeader\\0name\\\";s:4:\\\"From\\\";s:56:\\\"\\0Symfony\\\\Component\\\\Mime\\\\Header\\\\AbstractHeader\\0lineLength\\\";i:76;s:50:\\\"\\0Symfony\\\\Component\\\\Mime\\\\Header\\\\AbstractHeader\\0lang\\\";N;s:53:\\\"\\0Symfony\\\\Component\\\\Mime\\\\Header\\\\AbstractHeader\\0charset\\\";s:5:\\\"utf-8\\\";s:58:\\\"\\0Symfony\\\\Component\\\\Mime\\\\Header\\\\MailboxListHeader\\0addresses\\\";a:1:{i:0;O:30:\\\"Symfony\\\\Component\\\\Mime\\\\Address\\\":2:{s:39:\\\"\\0Symfony\\\\Component\\\\Mime\\\\Address\\0address\\\";s:24:\\\"olivier.falahi@efrei.net\\\";s:36:\\\"\\0Symfony\\\\Component\\\\Mime\\\\Address\\0name\\\";s:19:\\\"Cyberfolio Mail Bot\\\";}}}}s:2:\\\"to\\\";a:1:{i:0;O:47:\\\"Symfony\\\\Component\\\\Mime\\\\Header\\\\MailboxListHeader\\\":5:{s:50:\\\"\\0Symfony\\\\Component\\\\Mime\\\\Header\\\\AbstractHeader\\0name\\\";s:2:\\\"To\\\";s:56:\\\"\\0Symfony\\\\Component\\\\Mime\\\\Header\\\\AbstractHeader\\0lineLength\\\";i:76;s:50:\\\"\\0Symfony\\\\Component\\\\Mime\\\\Header\\\\AbstractHeader\\0lang\\\";N;s:53:\\\"\\0Symfony\\\\Component\\\\Mime\\\\Header\\\\AbstractHeader\\0charset\\\";s:5:\\\"utf-8\\\";s:58:\\\"\\0Symfony\\\\Component\\\\Mime\\\\Header\\\\MailboxListHeader\\0addresses\\\";a:1:{i:0;O:30:\\\"Symfony\\\\Component\\\\Mime\\\\Address\\\":2:{s:39:\\\"\\0Symfony\\\\Component\\\\Mime\\\\Address\\0address\\\";s:11:\\\"moi@moi.com\\\";s:36:\\\"\\0Symfony\\\\Component\\\\Mime\\\\Address\\0name\\\";s:0:\\\"\\\";}}}}s:7:\\\"subject\\\";a:1:{i:0;O:48:\\\"Symfony\\\\Component\\\\Mime\\\\Header\\\\UnstructuredHeader\\\":5:{s:50:\\\"\\0Symfony\\\\Component\\\\Mime\\\\Header\\\\AbstractHeader\\0name\\\";s:7:\\\"Subject\\\";s:56:\\\"\\0Symfony\\\\Component\\\\Mime\\\\Header\\\\AbstractHeader\\0lineLength\\\";i:76;s:50:\\\"\\0Symfony\\\\Component\\\\Mime\\\\Header\\\\AbstractHeader\\0lang\\\";N;s:53:\\\"\\0Symfony\\\\Component\\\\Mime\\\\Header\\\\AbstractHeader\\0charset\\\";s:5:\\\"utf-8\\\";s:55:\\\"\\0Symfony\\\\Component\\\\Mime\\\\Header\\\\UnstructuredHeader\\0value\\\";s:25:\\\"Please Confirm your Email\\\";}}}s:49:\\\"\\0Symfony\\\\Component\\\\Mime\\\\Header\\\\Headers\\0lineLength\\\";i:76;}i:1;N;}}i:4;N;}s:61:\\\"\\0Symfony\\\\Component\\\\Mailer\\\\Messenger\\\\SendEmailMessage\\0envelope\\\";N;}}', '[]', 'default', '2025-01-08 15:06:08', '2025-01-08 15:06:08', NULL),
(3, 'O:36:\\\"Symfony\\\\Component\\\\Messenger\\\\Envelope\\\":2:{s:44:\\\"\\0Symfony\\\\Component\\\\Messenger\\\\Envelope\\0stamps\\\";a:1:{s:46:\\\"Symfony\\\\Component\\\\Messenger\\\\Stamp\\\\BusNameStamp\\\";a:1:{i:0;O:46:\\\"Symfony\\\\Component\\\\Messenger\\\\Stamp\\\\BusNameStamp\\\":1:{s:55:\\\"\\0Symfony\\\\Component\\\\Messenger\\\\Stamp\\\\BusNameStamp\\0busName\\\";s:21:\\\"messenger.bus.default\\\";}}}s:45:\\\"\\0Symfony\\\\Component\\\\Messenger\\\\Envelope\\0message\\\";O:51:\\\"Symfony\\\\Component\\\\Mailer\\\\Messenger\\\\SendEmailMessage\\\":2:{s:60:\\\"\\0Symfony\\\\Component\\\\Mailer\\\\Messenger\\\\SendEmailMessage\\0message\\\";O:39:\\\"Symfony\\\\Bridge\\\\Twig\\\\Mime\\\\TemplatedEmail\\\":5:{i:0;s:41:\\\"registration/confirmation_email.html.twig\\\";i:1;N;i:2;a:3:{s:9:\\\"signedUrl\\\";s:172:\\\"http://127.0.0.1:8000/verify/email?expires=1736355217&id=6&signature=pG2zdnsRoZdSJ3EygyZUt079CXBJDpGjJa7P0%2BMZ8x0%3D&token=Tephc51lH0SOpHR69Nh%2BO3RWspJu0hsUxyusw0Ddw4E%3D\\\";s:19:\\\"expiresAtMessageKey\\\";s:26:\\\"%count% hour|%count% hours\\\";s:20:\\\"expiresAtMessageData\\\";a:1:{s:7:\\\"%count%\\\";i:1;}}i:3;a:6:{i:0;N;i:1;N;i:2;N;i:3;N;i:4;a:0:{}i:5;a:2:{i:0;O:37:\\\"Symfony\\\\Component\\\\Mime\\\\Header\\\\Headers\\\":2:{s:46:\\\"\\0Symfony\\\\Component\\\\Mime\\\\Header\\\\Headers\\0headers\\\";a:3:{s:4:\\\"from\\\";a:1:{i:0;O:47:\\\"Symfony\\\\Component\\\\Mime\\\\Header\\\\MailboxListHeader\\\":5:{s:50:\\\"\\0Symfony\\\\Component\\\\Mime\\\\Header\\\\AbstractHeader\\0name\\\";s:4:\\\"From\\\";s:56:\\\"\\0Symfony\\\\Component\\\\Mime\\\\Header\\\\AbstractHeader\\0lineLength\\\";i:76;s:50:\\\"\\0Symfony\\\\Component\\\\Mime\\\\Header\\\\AbstractHeader\\0lang\\\";N;s:53:\\\"\\0Symfony\\\\Component\\\\Mime\\\\Header\\\\AbstractHeader\\0charset\\\";s:5:\\\"utf-8\\\";s:58:\\\"\\0Symfony\\\\Component\\\\Mime\\\\Header\\\\MailboxListHeader\\0addresses\\\";a:1:{i:0;O:30:\\\"Symfony\\\\Component\\\\Mime\\\\Address\\\":2:{s:39:\\\"\\0Symfony\\\\Component\\\\Mime\\\\Address\\0address\\\";s:24:\\\"olivier.falahi@efrei.net\\\";s:36:\\\"\\0Symfony\\\\Component\\\\Mime\\\\Address\\0name\\\";s:19:\\\"Cyberfolio Mail Bot\\\";}}}}s:2:\\\"to\\\";a:1:{i:0;O:47:\\\"Symfony\\\\Component\\\\Mime\\\\Header\\\\MailboxListHeader\\\":5:{s:50:\\\"\\0Symfony\\\\Component\\\\Mime\\\\Header\\\\AbstractHeader\\0name\\\";s:2:\\\"To\\\";s:56:\\\"\\0Symfony\\\\Component\\\\Mime\\\\Header\\\\AbstractHeader\\0lineLength\\\";i:76;s:50:\\\"\\0Symfony\\\\Component\\\\Mime\\\\Header\\\\AbstractHeader\\0lang\\\";N;s:53:\\\"\\0Symfony\\\\Component\\\\Mime\\\\Header\\\\AbstractHeader\\0charset\\\";s:5:\\\"utf-8\\\";s:58:\\\"\\0Symfony\\\\Component\\\\Mime\\\\Header\\\\MailboxListHeader\\0addresses\\\";a:1:{i:0;O:30:\\\"Symfony\\\\Component\\\\Mime\\\\Address\\\":2:{s:39:\\\"\\0Symfony\\\\Component\\\\Mime\\\\Address\\0address\\\";s:13:\\\"truc@truc.com\\\";s:36:\\\"\\0Symfony\\\\Component\\\\Mime\\\\Address\\0name\\\";s:0:\\\"\\\";}}}}s:7:\\\"subject\\\";a:1:{i:0;O:48:\\\"Symfony\\\\Component\\\\Mime\\\\Header\\\\UnstructuredHeader\\\":5:{s:50:\\\"\\0Symfony\\\\Component\\\\Mime\\\\Header\\\\AbstractHeader\\0name\\\";s:7:\\\"Subject\\\";s:56:\\\"\\0Symfony\\\\Component\\\\Mime\\\\Header\\\\AbstractHeader\\0lineLength\\\";i:76;s:50:\\\"\\0Symfony\\\\Component\\\\Mime\\\\Header\\\\AbstractHeader\\0lang\\\";N;s:53:\\\"\\0Symfony\\\\Component\\\\Mime\\\\Header\\\\AbstractHeader\\0charset\\\";s:5:\\\"utf-8\\\";s:55:\\\"\\0Symfony\\\\Component\\\\Mime\\\\Header\\\\UnstructuredHeader\\0value\\\";s:25:\\\"Please Confirm your Email\\\";}}}s:49:\\\"\\0Symfony\\\\Component\\\\Mime\\\\Header\\\\Headers\\0lineLength\\\";i:76;}i:1;N;}}i:4;N;}s:61:\\\"\\0Symfony\\\\Component\\\\Mailer\\\\Messenger\\\\SendEmailMessage\\0envelope\\\";N;}}', '[]', 'default', '2025-01-08 15:53:37', '2025-01-08 15:53:37', NULL),
(4, 'O:36:\\\"Symfony\\\\Component\\\\Messenger\\\\Envelope\\\":2:{s:44:\\\"\\0Symfony\\\\Component\\\\Messenger\\\\Envelope\\0stamps\\\";a:1:{s:46:\\\"Symfony\\\\Component\\\\Messenger\\\\Stamp\\\\BusNameStamp\\\";a:1:{i:0;O:46:\\\"Symfony\\\\Component\\\\Messenger\\\\Stamp\\\\BusNameStamp\\\":1:{s:55:\\\"\\0Symfony\\\\Component\\\\Messenger\\\\Stamp\\\\BusNameStamp\\0busName\\\";s:21:\\\"messenger.bus.default\\\";}}}s:45:\\\"\\0Symfony\\\\Component\\\\Messenger\\\\Envelope\\0message\\\";O:51:\\\"Symfony\\\\Component\\\\Mailer\\\\Messenger\\\\SendEmailMessage\\\":2:{s:60:\\\"\\0Symfony\\\\Component\\\\Mailer\\\\Messenger\\\\SendEmailMessage\\0message\\\";O:39:\\\"Symfony\\\\Bridge\\\\Twig\\\\Mime\\\\TemplatedEmail\\\":5:{i:0;s:41:\\\"registration/confirmation_email.html.twig\\\";i:1;N;i:2;a:3:{s:9:\\\"signedUrl\\\";s:180:\\\"http://127.0.0.1:8000/verify/email?expires=1736355376&id=7&signature=XR6qO1xWgIynotCyG9wI%2FrnwJ%2F2SD9OvsFeFsBqtuMs%3D&token=v%2BQpg7s%2F3%2FEfiK0sVNkiCGqbnl1M%2FvRcVCwPoWUSDfc%3D\\\";s:19:\\\"expiresAtMessageKey\\\";s:26:\\\"%count% hour|%count% hours\\\";s:20:\\\"expiresAtMessageData\\\";a:1:{s:7:\\\"%count%\\\";i:1;}}i:3;a:6:{i:0;N;i:1;N;i:2;N;i:3;N;i:4;a:0:{}i:5;a:2:{i:0;O:37:\\\"Symfony\\\\Component\\\\Mime\\\\Header\\\\Headers\\\":2:{s:46:\\\"\\0Symfony\\\\Component\\\\Mime\\\\Header\\\\Headers\\0headers\\\";a:3:{s:4:\\\"from\\\";a:1:{i:0;O:47:\\\"Symfony\\\\Component\\\\Mime\\\\Header\\\\MailboxListHeader\\\":5:{s:50:\\\"\\0Symfony\\\\Component\\\\Mime\\\\Header\\\\AbstractHeader\\0name\\\";s:4:\\\"From\\\";s:56:\\\"\\0Symfony\\\\Component\\\\Mime\\\\Header\\\\AbstractHeader\\0lineLength\\\";i:76;s:50:\\\"\\0Symfony\\\\Component\\\\Mime\\\\Header\\\\AbstractHeader\\0lang\\\";N;s:53:\\\"\\0Symfony\\\\Component\\\\Mime\\\\Header\\\\AbstractHeader\\0charset\\\";s:5:\\\"utf-8\\\";s:58:\\\"\\0Symfony\\\\Component\\\\Mime\\\\Header\\\\MailboxListHeader\\0addresses\\\";a:1:{i:0;O:30:\\\"Symfony\\\\Component\\\\Mime\\\\Address\\\":2:{s:39:\\\"\\0Symfony\\\\Component\\\\Mime\\\\Address\\0address\\\";s:24:\\\"olivier.falahi@efrei.net\\\";s:36:\\\"\\0Symfony\\\\Component\\\\Mime\\\\Address\\0name\\\";s:19:\\\"Cyberfolio Mail Bot\\\";}}}}s:2:\\\"to\\\";a:1:{i:0;O:47:\\\"Symfony\\\\Component\\\\Mime\\\\Header\\\\MailboxListHeader\\\":5:{s:50:\\\"\\0Symfony\\\\Component\\\\Mime\\\\Header\\\\AbstractHeader\\0name\\\";s:2:\\\"To\\\";s:56:\\\"\\0Symfony\\\\Component\\\\Mime\\\\Header\\\\AbstractHeader\\0lineLength\\\";i:76;s:50:\\\"\\0Symfony\\\\Component\\\\Mime\\\\Header\\\\AbstractHeader\\0lang\\\";N;s:53:\\\"\\0Symfony\\\\Component\\\\Mime\\\\Header\\\\AbstractHeader\\0charset\\\";s:5:\\\"utf-8\\\";s:58:\\\"\\0Symfony\\\\Component\\\\Mime\\\\Header\\\\MailboxListHeader\\0addresses\\\";a:1:{i:0;O:30:\\\"Symfony\\\\Component\\\\Mime\\\\Address\\\":2:{s:39:\\\"\\0Symfony\\\\Component\\\\Mime\\\\Address\\0address\\\";s:13:\\\"test@test.com\\\";s:36:\\\"\\0Symfony\\\\Component\\\\Mime\\\\Address\\0name\\\";s:0:\\\"\\\";}}}}s:7:\\\"subject\\\";a:1:{i:0;O:48:\\\"Symfony\\\\Component\\\\Mime\\\\Header\\\\UnstructuredHeader\\\":5:{s:50:\\\"\\0Symfony\\\\Component\\\\Mime\\\\Header\\\\AbstractHeader\\0name\\\";s:7:\\\"Subject\\\";s:56:\\\"\\0Symfony\\\\Component\\\\Mime\\\\Header\\\\AbstractHeader\\0lineLength\\\";i:76;s:50:\\\"\\0Symfony\\\\Component\\\\Mime\\\\Header\\\\AbstractHeader\\0lang\\\";N;s:53:\\\"\\0Symfony\\\\Component\\\\Mime\\\\Header\\\\AbstractHeader\\0charset\\\";s:5:\\\"utf-8\\\";s:55:\\\"\\0Symfony\\\\Component\\\\Mime\\\\Header\\\\UnstructuredHeader\\0value\\\";s:25:\\\"Please Confirm your Email\\\";}}}s:49:\\\"\\0Symfony\\\\Component\\\\Mime\\\\Header\\\\Headers\\0lineLength\\\";i:76;}i:1;N;}}i:4;N;}s:61:\\\"\\0Symfony\\\\Component\\\\Mailer\\\\Messenger\\\\SendEmailMessage\\0envelope\\\";N;}}', '[]', 'default', '2025-01-08 15:56:16', '2025-01-08 15:56:16', NULL),
(5, 'O:36:\\\"Symfony\\\\Component\\\\Messenger\\\\Envelope\\\":2:{s:44:\\\"\\0Symfony\\\\Component\\\\Messenger\\\\Envelope\\0stamps\\\";a:1:{s:46:\\\"Symfony\\\\Component\\\\Messenger\\\\Stamp\\\\BusNameStamp\\\";a:1:{i:0;O:46:\\\"Symfony\\\\Component\\\\Messenger\\\\Stamp\\\\BusNameStamp\\\":1:{s:55:\\\"\\0Symfony\\\\Component\\\\Messenger\\\\Stamp\\\\BusNameStamp\\0busName\\\";s:21:\\\"messenger.bus.default\\\";}}}s:45:\\\"\\0Symfony\\\\Component\\\\Messenger\\\\Envelope\\0message\\\";O:51:\\\"Symfony\\\\Component\\\\Mailer\\\\Messenger\\\\SendEmailMessage\\\":2:{s:60:\\\"\\0Symfony\\\\Component\\\\Mailer\\\\Messenger\\\\SendEmailMessage\\0message\\\";O:39:\\\"Symfony\\\\Bridge\\\\Twig\\\\Mime\\\\TemplatedEmail\\\":5:{i:0;s:41:\\\"registration/confirmation_email.html.twig\\\";i:1;N;i:2;a:3:{s:9:\\\"signedUrl\\\";s:170:\\\"http://127.0.0.1:8000/verify/email?expires=1736514983&id=8&signature=trAjKs74orCZeJ%2B4ScrGknlwG2wf7dhi0FSMzNzlwc4%3D&token=nhW7VwWCxiAIeIIYfY2ifbWl5BRXTg711JoMPzf86R4%3D\\\";s:19:\\\"expiresAtMessageKey\\\";s:26:\\\"%count% hour|%count% hours\\\";s:20:\\\"expiresAtMessageData\\\";a:1:{s:7:\\\"%count%\\\";i:1;}}i:3;a:6:{i:0;N;i:1;N;i:2;N;i:3;N;i:4;a:0:{}i:5;a:2:{i:0;O:37:\\\"Symfony\\\\Component\\\\Mime\\\\Header\\\\Headers\\\":2:{s:46:\\\"\\0Symfony\\\\Component\\\\Mime\\\\Header\\\\Headers\\0headers\\\";a:3:{s:4:\\\"from\\\";a:1:{i:0;O:47:\\\"Symfony\\\\Component\\\\Mime\\\\Header\\\\MailboxListHeader\\\":5:{s:50:\\\"\\0Symfony\\\\Component\\\\Mime\\\\Header\\\\AbstractHeader\\0name\\\";s:4:\\\"From\\\";s:56:\\\"\\0Symfony\\\\Component\\\\Mime\\\\Header\\\\AbstractHeader\\0lineLength\\\";i:76;s:50:\\\"\\0Symfony\\\\Component\\\\Mime\\\\Header\\\\AbstractHeader\\0lang\\\";N;s:53:\\\"\\0Symfony\\\\Component\\\\Mime\\\\Header\\\\AbstractHeader\\0charset\\\";s:5:\\\"utf-8\\\";s:58:\\\"\\0Symfony\\\\Component\\\\Mime\\\\Header\\\\MailboxListHeader\\0addresses\\\";a:1:{i:0;O:30:\\\"Symfony\\\\Component\\\\Mime\\\\Address\\\":2:{s:39:\\\"\\0Symfony\\\\Component\\\\Mime\\\\Address\\0address\\\";s:24:\\\"olivier.falahi@efrei.net\\\";s:36:\\\"\\0Symfony\\\\Component\\\\Mime\\\\Address\\0name\\\";s:19:\\\"Cyberfolio Mail Bot\\\";}}}}s:2:\\\"to\\\";a:1:{i:0;O:47:\\\"Symfony\\\\Component\\\\Mime\\\\Header\\\\MailboxListHeader\\\":5:{s:50:\\\"\\0Symfony\\\\Component\\\\Mime\\\\Header\\\\AbstractHeader\\0name\\\";s:2:\\\"To\\\";s:56:\\\"\\0Symfony\\\\Component\\\\Mime\\\\Header\\\\AbstractHeader\\0lineLength\\\";i:76;s:50:\\\"\\0Symfony\\\\Component\\\\Mime\\\\Header\\\\AbstractHeader\\0lang\\\";N;s:53:\\\"\\0Symfony\\\\Component\\\\Mime\\\\Header\\\\AbstractHeader\\0charset\\\";s:5:\\\"utf-8\\\";s:58:\\\"\\0Symfony\\\\Component\\\\Mime\\\\Header\\\\MailboxListHeader\\0addresses\\\";a:1:{i:0;O:30:\\\"Symfony\\\\Component\\\\Mime\\\\Address\\\":2:{s:39:\\\"\\0Symfony\\\\Component\\\\Mime\\\\Address\\0address\\\";s:19:\\\"profile@profile.com\\\";s:36:\\\"\\0Symfony\\\\Component\\\\Mime\\\\Address\\0name\\\";s:0:\\\"\\\";}}}}s:7:\\\"subject\\\";a:1:{i:0;O:48:\\\"Symfony\\\\Component\\\\Mime\\\\Header\\\\UnstructuredHeader\\\":5:{s:50:\\\"\\0Symfony\\\\Component\\\\Mime\\\\Header\\\\AbstractHeader\\0name\\\";s:7:\\\"Subject\\\";s:56:\\\"\\0Symfony\\\\Component\\\\Mime\\\\Header\\\\AbstractHeader\\0lineLength\\\";i:76;s:50:\\\"\\0Symfony\\\\Component\\\\Mime\\\\Header\\\\AbstractHeader\\0lang\\\";N;s:53:\\\"\\0Symfony\\\\Component\\\\Mime\\\\Header\\\\AbstractHeader\\0charset\\\";s:5:\\\"utf-8\\\";s:55:\\\"\\0Symfony\\\\Component\\\\Mime\\\\Header\\\\UnstructuredHeader\\0value\\\";s:25:\\\"Please Confirm your Email\\\";}}}s:49:\\\"\\0Symfony\\\\Component\\\\Mime\\\\Header\\\\Headers\\0lineLength\\\";i:76;}i:1;N;}}i:4;N;}s:61:\\\"\\0Symfony\\\\Component\\\\Mailer\\\\Messenger\\\\SendEmailMessage\\0envelope\\\";N;}}', '[]', 'default', '2025-01-10 12:16:23', '2025-01-10 12:16:23', NULL);

-- --------------------------------------------------------

--
-- Structure de la table `profile`
--

CREATE TABLE `profile` (
  `id` int(11) NOT NULL,
  `phone_number` varchar(20) DEFAULT NULL,
  `address` varchar(255) DEFAULT NULL,
  `zipcode` varchar(50) DEFAULT NULL,
  `city` varchar(50) DEFAULT NULL,
  `country` varchar(50) DEFAULT NULL,
  `headline` varchar(255) DEFAULT NULL,
  `biography` varchar(255) DEFAULT NULL
) ENGINE=InnoDB DEFAULT CHARSET=utf8mb4 COLLATE=utf8mb4_unicode_ci;

--
-- Déchargement des données de la table `profile`
--

INSERT INTO `profile` (`id`, `phone_number`, `address`, `zipcode`, `city`, `country`, `headline`, `biography`) VALUES
(1, NULL, NULL, NULL, NULL, NULL, 'Fullstack Developper', 'Lorem ipsum'),
(2, NULL, NULL, NULL, NULL, NULL, 'UI/UX Designer', 'Lorem ipsum'),
(3, NULL, NULL, NULL, NULL, NULL, '3', '3 lorem'),
(4, NULL, NULL, NULL, NULL, NULL, '4', '4 lorem'),
(5, NULL, NULL, NULL, NULL, NULL, '5', '5 lorem'),
(6, NULL, NULL, NULL, NULL, NULL, '6', '6 lorem'),
(7, NULL, NULL, NULL, NULL, NULL, 'Fullstack Developper', 'Lorem ipsum dolor sit amet, consectetur adipiscing elit. Sed non risus. Suspendisse lectus tortor, dignissim sit amet, adipiscing nec, ultricies sed, dolor. Cras elementum ultrices diam. Maecenas ligula massa, varius a, semper congue, euismod non, mi. Pro'),
(8, NULL, NULL, NULL, NULL, NULL, 'zeurger', NULL);

-- --------------------------------------------------------

--
-- Structure de la table `project`
--

CREATE TABLE `project` (
  `id` int(11) NOT NULL,
  `user_id` int(11) DEFAULT NULL,
  `title` varchar(100) NOT NULL,
  `description` longtext NOT NULL,
  `screenshot` varchar(255) DEFAULT NULL,
  `created_at` datetime NOT NULL COMMENT '(DC2Type:datetime_immutable)',
  `github_url` varchar(255) DEFAULT NULL,
  `url` varchar(255) DEFAULT NULL
) ENGINE=InnoDB DEFAULT CHARSET=utf8mb4 COLLATE=utf8mb4_unicode_ci;

--
-- Déchargement des données de la table `project`
--

INSERT INTO `project` (`id`, `user_id`, `title`, `description`, `screenshot`, `created_at`, `github_url`, `url`) VALUES
(1, 7, 'pont chaban', 'Lorem ipsum dolor sit amet, consectetur adipiscing elit. Proin sit amet ex quis nunc tincidunt efficitur. Integer placerat est id urna pharetra, vel vehicula erat elementum.', NULL, '2024-12-15 18:10:00', 'https://github.com/G1TS23/pont-chaban', 'https://pont-chaban.netlify.app'),
(2, 7, 'calulatrice', 'refaire une calcuatrice', NULL, '2025-01-06 15:29:00', 'https://github.com/G1TS23/CALC', 'https://of-calc.netlify.app'),
(3, 7, 'Démineur', 'Faire un démineur en Angualr', NULL, '2025-01-08 10:34:00', 'https://github.com/G1TS23/DEMINEUR', 'https://boom-boom-boom.netlify.app'),
(4, 7, 'Test', 'Bla Bla Bla', NULL, '2025-01-09 16:39:00', 'GitHub', 'url'),
(5, 7, 'erzer', 'serrer', 'ze', '2025-01-08 17:08:00', 'zrzerze', 'zerzer');

-- --------------------------------------------------------

--
-- Structure de la table `project_technology`
--

CREATE TABLE `project_technology` (
  `project_id` int(11) NOT NULL,
  `technology_id` int(11) NOT NULL
) ENGINE=InnoDB DEFAULT CHARSET=utf8mb4 COLLATE=utf8mb4_unicode_ci;

--
-- Déchargement des données de la table `project_technology`
--

INSERT INTO `project_technology` (`project_id`, `technology_id`) VALUES
(1, 1),
(1, 2),
(1, 3),
(4, 1),
(4, 2),
(4, 3),
(5, 5),
(5, 6);

-- --------------------------------------------------------

--
-- Structure de la table `technology`
--

CREATE TABLE `technology` (
  `id` int(11) NOT NULL,
  `name` varchar(255) NOT NULL,
  `logo` varchar(255) DEFAULT NULL,
  `version` varchar(20) DEFAULT NULL,
  `mastery_level` int(11) DEFAULT NULL
) ENGINE=InnoDB DEFAULT CHARSET=utf8mb4 COLLATE=utf8mb4_unicode_ci;

--
-- Déchargement des données de la table `technology`
--

INSERT INTO `technology` (`id`, `name`, `logo`, `version`, `mastery_level`) VALUES
(1, 'HTML', 'fa-brands fa-html5', '5', 6),
(2, 'CSS', 'fa-brands fa-css3-alt', '3', 5),
(3, 'Javascript', 'fa-brands fa-js', 'ES2023', 5),
(5, 'Symfony', 'fa-brands fa-symfony', '7.2', 3),
(6, 'PHP', 'fa-brands fa-php', '8', 3);

-- --------------------------------------------------------

--
-- Structure de la table `user`
--

CREATE TABLE `user` (
  `id` int(11) NOT NULL,
  `profile_id` int(11) DEFAULT NULL,
  `firstname` varchar(30) NOT NULL,
  `lastname` varchar(50) NOT NULL,
  `email` varchar(50) NOT NULL,
  `password` varchar(255) NOT NULL,
  `github_url` varchar(255) DEFAULT NULL,
  `roles` longtext CHARACTER SET utf8mb4 COLLATE utf8mb4_bin NOT NULL COMMENT '(DC2Type:json)' CHECK (json_valid(`roles`)),
  `is_verified` tinyint(1) NOT NULL
) ENGINE=InnoDB DEFAULT CHARSET=utf8mb4 COLLATE=utf8mb4_unicode_ci;

--
-- Déchargement des données de la table `user`
--

INSERT INTO `user` (`id`, `profile_id`, `firstname`, `lastname`, `email`, `password`, `github_url`, `roles`, `is_verified`) VALUES
(1, 1, 'OLIvier', 'falahi', 'gits@me.com', 'Index1234567!', NULL, '[]', 0),
(2, 2, 'nicolas', 'aurick', 'na@mail.com', 'Index1234567!', NULL, '[]', 0),
(3, 3, 'john', 'doe', 'olivier.falahi@gmail.com', '$2y$13$gmsODyKKhjNmlUXilTdwpuVri6qyl3M8Cm0u5MuXT7vZFRhYIgPu6', 'GitHub.com/G1TS23', '[]', 0),
(4, 4, 'fred', 'fred', 'moi@moi.com', '$2y$13$u9QwC/4.FbJD0NIgT9b.hupTV4nRtIKhDnhu601FFKzt3x2PmYrCq', 'moi', '[]', 1),
(5, 5, 'lui', 'lui', 'lui@lui.com', '$2y$13$hJCnsl1VzUcc9TqgHbbCvelGX8JcGI9xtAWf0nmZi4CJ4dZ8tlErC', 'lui', '[]', 0),
(6, 6, 'olivier', 'truc', 'truc@truc.com', '$2y$13$Gr/E5/OHx9FrhcAmkSqNPOUaIhbMDCQzXtu.AeJZ02MT8o6dTjqEm', 'truc', '[]', 0),
(7, 7, 'nicolas', 'test', 'test@test.com', '$2y$13$yh6D4hUw01THNkoFryUE7OvGizmSVT9MZKrVedvuBCQBwJ3hI8Idm', 'test', '[\"ROLE_ADMIN\"]', 0),
(8, 8, 'profile', 'profile', 'profile@profile.com', '$2y$13$5895K/B/4BhcLULW9s4VROerWXM6e.LVmS5vUKsH4Jv76zBDFgwWq', 'profile', '[]', 0);

--
-- Index pour les tables déchargées
--

--
-- Index pour la table `messenger_messages`
--
ALTER TABLE `messenger_messages`
  ADD PRIMARY KEY (`id`),
  ADD KEY `IDX_75EA56E0FB7336F0` (`queue_name`),
  ADD KEY `IDX_75EA56E0E3BD61CE` (`available_at`),
  ADD KEY `IDX_75EA56E016BA31DB` (`delivered_at`);

--
-- Index pour la table `profile`
--
ALTER TABLE `profile`
  ADD PRIMARY KEY (`id`);

--
-- Index pour la table `project`
--
ALTER TABLE `project`
  ADD PRIMARY KEY (`id`),
  ADD KEY `IDX_2FB3D0EEA76ED395` (`user_id`);

--
-- Index pour la table `project_technology`
--
ALTER TABLE `project_technology`
  ADD PRIMARY KEY (`project_id`,`technology_id`),
  ADD KEY `IDX_ECC5297F166D1F9C` (`project_id`),
  ADD KEY `IDX_ECC5297F4235D463` (`technology_id`);

--
-- Index pour la table `technology`
--
ALTER TABLE `technology`
  ADD PRIMARY KEY (`id`);

--
-- Index pour la table `user`
--
ALTER TABLE `user`
  ADD PRIMARY KEY (`id`),
  ADD UNIQUE KEY `UNIQ_8D93D649CCFA12B8` (`profile_id`);

--
-- AUTO_INCREMENT pour les tables déchargées
--

--
-- AUTO_INCREMENT pour la table `messenger_messages`
--
ALTER TABLE `messenger_messages`
  MODIFY `id` bigint(20) NOT NULL AUTO_INCREMENT, AUTO_INCREMENT=6;

--
-- AUTO_INCREMENT pour la table `profile`
--
ALTER TABLE `profile`
  MODIFY `id` int(11) NOT NULL AUTO_INCREMENT, AUTO_INCREMENT=9;

--
-- AUTO_INCREMENT pour la table `project`
--
ALTER TABLE `project`
  MODIFY `id` int(11) NOT NULL AUTO_INCREMENT, AUTO_INCREMENT=6;

--
-- AUTO_INCREMENT pour la table `technology`
--
ALTER TABLE `technology`
  MODIFY `id` int(11) NOT NULL AUTO_INCREMENT, AUTO_INCREMENT=7;

--
-- AUTO_INCREMENT pour la table `user`
--
ALTER TABLE `user`
  MODIFY `id` int(11) NOT NULL AUTO_INCREMENT, AUTO_INCREMENT=9;

--
-- Contraintes pour les tables déchargées
--

--
-- Contraintes pour la table `project`
--
ALTER TABLE `project`
  ADD CONSTRAINT `FK_2FB3D0EEA76ED395` FOREIGN KEY (`user_id`) REFERENCES `user` (`id`);

--
-- Contraintes pour la table `project_technology`
--
ALTER TABLE `project_technology`
  ADD CONSTRAINT `FK_ECC5297F166D1F9C` FOREIGN KEY (`project_id`) REFERENCES `project` (`id`) ON DELETE CASCADE,
  ADD CONSTRAINT `FK_ECC5297F4235D463` FOREIGN KEY (`technology_id`) REFERENCES `technology` (`id`) ON DELETE CASCADE;

--
-- Contraintes pour la table `user`
--
ALTER TABLE `user`
  ADD CONSTRAINT `FK_8D93D649CCFA12B8` FOREIGN KEY (`profile_id`) REFERENCES `profile` (`id`);
COMMIT;

/*!40101 SET CHARACTER_SET_CLIENT=@OLD_CHARACTER_SET_CLIENT */;
/*!40101 SET CHARACTER_SET_RESULTS=@OLD_CHARACTER_SET_RESULTS */;
/*!40101 SET COLLATION_CONNECTION=@OLD_COLLATION_CONNECTION */;
